{
    "model": "Transformer",
    "mae": 0.03001133111262648,
    "mse": 0.002008553283394823,
    "rmse": 0.04481688614121716,
    "r2": 0.8305396828807404
}