{
    "model": "LSTM",
    "mae": 0.031055272942800097,
    "mse": 0.0031806288630951856,
    "rmse": 0.05639706431273871,
    "r2": 0.7316524384815981
}