{
    "model": "RandomForest",
    "mae": 0.022695251773890427,
    "mse": 0.003226860326907578,
    "rmse": 0.056805460361725596,
    "r2": 0.715550259405159
}