{
    "model": "Transformer",
    "mae": 0.06953259997652184,
    "mse": 0.005496769599081817,
    "rmse": 0.07414020231346699,
    "r2": -7.222022938364798
}