{
    "model": "RandomForest",
    "mae": 0.009466174382292462,
    "mse": 0.00017943269732364505,
    "rmse": 0.0133952490579177,
    "r2": 0.8408393062908947
}