{
    "model": "RandomForest",
    "mae": 0.004227439688589208,
    "mse": 3.915667887933019e-05,
    "rmse": 0.006257529774546038,
    "r2": 0.8775768079674751
}