{
    "model": "LSTM",
    "mae": 0.034520089303844925,
    "mse": 0.004881340156133767,
    "rmse": 0.06986658826745276,
    "r2": 0.6827865799781685
}