{
    "model": "LSTM",
    "mae": 0.03257092767995272,
    "mse": 0.003843578512847689,
    "rmse": 0.06199660081688099,
    "r2": 0.7499034893419989
}