{
    "model": "LSTM",
    "mae": 0.009120421337694478,
    "mse": 0.00013437706201854818,
    "rmse": 0.011592112060299805,
    "r2": 0.636823999080854
}