{
    "model": "LSTM",
    "mae": 0.0281004435957681,
    "mse": 0.0012455759515014138,
    "rmse": 0.03529271810871775,
    "r2": -0.1174485400796812
}