{
    "model": "Transformer",
    "mae": 0.027410619837875978,
    "mse": 0.0011590675441744821,
    "rmse": 0.03404508105695274,
    "r2": -0.03983890627487474
}