{
    "model": "Transformer",
    "mae": 0.07015893193968686,
    "mse": 0.0053207112131247085,
    "rmse": 0.07294320539381792,
    "r2": -13.380092788169199
}