{
    "model": "Transformer",
    "mae": 0.031888757852469786,
    "mse": 0.003420801759436459,
    "rmse": 0.058487620565692865,
    "r2": 0.7776995270522178
}