{
    "model": "Transformer",
    "mae": 0.03796183356932839,
    "mse": 0.0037826087736959474,
    "rmse": 0.06150291679014864,
    "r2": 0.7538707086837164
}