{
    "model": "RandomForest",
    "mae": 0.0055253172998487,
    "mse": 5.099224700574022e-05,
    "rmse": 0.007140885589738868,
    "r2": 0.9171547527587314
}