{
    "model": "RandomForest",
    "mae": 0.032434193718029906,
    "mse": 0.0059359667230521815,
    "rmse": 0.07704522518009914,
    "r2": 0.5889842573362902
}