{
    "model": "RandomForest",
    "mae": 0.031792102355865534,
    "mse": 0.005905131642181129,
    "rmse": 0.07684485436371864,
    "r2": 0.5923837342877685
}