{
    "model": "LSTM",
    "mae": 0.012550344370620359,
    "mse": 0.00028537202866486756,
    "rmse": 0.01689295796078554,
    "r2": 0.5731428572079552
}