{
    "model": "LSTM",
    "mae": 0.025499470326241242,
    "mse": 0.0019654509453770393,
    "rmse": 0.04433340665206137,
    "r2": 0.8893538371604373
}