{
    "model": "Transformer",
    "mae": 0.03719902018012547,
    "mse": 0.0018320871816243276,
    "rmse": 0.042802887538393106,
    "r2": 0.8968616250071845
}