{
    "model": "RandomForest",
    "mae": 0.018388176363414357,
    "mse": 0.0013362892807999057,
    "rmse": 0.03655529073608779,
    "r2": 0.9238910783511329
}