{
    "model": "LSTM",
    "mae": 0.0536401686228867,
    "mse": 0.004340475143215947,
    "rmse": 0.06588228246817157,
    "r2": 0.371358053929257
}