{
    "model": "Transformer",
    "mae": 0.049714016044358544,
    "mse": 0.0037800604784625907,
    "rmse": 0.06148219643492408,
    "r2": 0.45252432117715724
}