{
    "model": "RandomForest",
    "mae": 0.017150700875565198,
    "mse": 0.0020189859538661866,
    "rmse": 0.04493312757716946,
    "r2": 0.815376906275457
}