{
    "model": "RandomForest",
    "mae": 0.0046570075550659415,
    "mse": 5.254180729851675e-05,
    "rmse": 0.00724857277665864,
    "r2": 0.9881168328675454
}