{
    "model": "Transformer",
    "mae": 0.02721713364692167,
    "mse": 0.0010490767050052364,
    "rmse": 0.03238945360769824,
    "r2": 0.7711793935995592
}