{
    "model": "RandomForest",
    "mae": 0.0079221851917142,
    "mse": 0.00017267177200976972,
    "rmse": 0.013140463158114698,
    "r2": 0.9679837533915769
}