{
    "model": "LSTM",
    "mae": 0.02115537169674901,
    "mse": 0.0006232398153772448,
    "rmse": 0.024964771486581744,
    "r2": 0.8640613104769989
}