{
    "model": "Transformer",
    "mae": 0.01648754356159593,
    "mse": 0.0006288881146215121,
    "rmse": 0.025077641727672722,
    "r2": 0.9445550662818551
}