{
    "model": "LSTM",
    "mae": 0.027820695209988866,
    "mse": 0.0015693265887259352,
    "rmse": 0.039614726917220254,
    "r2": 0.8616427840325807
}