{
    "model": "LSTM",
    "mae": 0.02412259348533255,
    "mse": 0.0016394433616145096,
    "rmse": 0.04049004027677065,
    "r2": 0.8554610487843688
}