{
    "model": "Transformer",
    "mae": 0.021684834175266583,
    "mse": 0.0007239111128328073,
    "rmse": 0.026905596310671267,
    "r2": 0.9361775127631415
}