{
    "model": "RandomForest",
    "mae": 0.01380902221734905,
    "mse": 0.0005870372785370391,
    "rmse": 0.024228852191902097,
    "r2": 0.9119213786448794
}