{
    "model": "LSTM",
    "mae": 0.027638621617965032,
    "mse": 0.0011134433688981685,
    "rmse": 0.03336829886131699,
    "r2": 0.8023682000963603
}