{
    "model": "Transformer",
    "mae": 0.030534897625614565,
    "mse": 0.001685799449848655,
    "rmse": 0.04105848815834133,
    "r2": 0.7007772565210495
}